0.343787,0.7233985,0.16234630346298218,0.20121558010578156
0.9227635,0.2303275,-0.01926349848508835,-0.011059476062655449
0.968746,0.2303275,-0.0014013871550559998,0.01116584800183773
0.3974565,0.2303275,-0.3339580297470093,0.11746271699666977
0.379313,0.9227635,0.32095518708229065,0.07700322568416595
0.9396375,0.9923575,0.7128605842590332,-0.022937502712011337
0.883917,0.70715,-0.01467064768075943,-0.3762757182121277
0.1499585,0.9751315,0.1745128333568573,0.029351061210036278
0.9549315,0.2303275,-0.0034454092383384705,0.009789169766008854
0.0248685,0.784224,0.000321313738822937,0.04348199442028999
0.9549315,0.0025,0.005374975502490997,0.0033844178542494774
0.962017,0.6905205,-0.040577031672000885,-0.5748500823974609
0.116083,0.9811865,0.24396303296089172,0.03101179748773575
0.894291,0.0025,0.013855800032615662,0.004260656423866749
0.79832,0.873088,0.21160754561424255,-0.08861973881721497
0.82512,0.379313,-0.2288239300251007,-0.3946516513824463
0.9042175,0.0603625,0.011290088295936584,0.009905597195029259
0.883917,0.3094795,-0.1462934911251068,-0.2485290914773941
0.0957825,0.434336,-0.046282969415187836,0.29942166805267334
0.2607535,0.6025435,0.04472735524177551,0.3010760545730591
0.9227635,0.2766015,-0.04083018749952316,-0.05755842477083206
0.2607535,0.79832,0.19156628847122192,0.2505798637866974
0.9811865,0.620687,-0.011888839304447174,-0.2618291974067688
0.9975,0.29285,-0.0013751611113548279,0.005793971009552479
0.0025,0.6385875,0.005994267761707306,0.019732777029275894
0.673533,0.7392465,0.14370088279247284,-0.09418544173240662
0.245324,0.3614125,-0.18397197127342224,0.2894696593284607
0.2607535,0.4158095,-0.12205816060304642,0.28930234909057617
0.052524,0.837816,0.0032725781202316284,0.08133500814437866
0.2303275,0.861798,0.16640160977840424,0.20862536132335663
0.9751315,0.9227635,-0.03211403638124466,-0.6494439244270325
0.2303275,0.0957825,-0.0883929654955864,0.03861519694328308
0.49058,0.17488,-0.3791002035140991,0.0077318353578448296
0.565664,0.162184,-0.3722916841506958,-0.06912750750780106
0.894291,0.326467,-0.1359078586101532,-0.25744861364364624
0.931404,0.986924,0.6270961761474609,-0.030317232012748718
0.5841905,0.215776,-0.3659592866897583,-0.09126591682434082
0.013076,0.82512,-0.004323460161685944,0.015811963006854057
0.9923575,0.9549315,-0.01627293974161148,-0.47731083631515503
0.434336,0.962017,0.4616006910800934,0.023152992129325867
0.82512,0.20168,-0.12914162874221802,-0.13730640709400177
0.837816,0.9549315,0.44431567192077637,-0.031305942684412
0.052524,0.245324,-0.030440591275691986,0.06612762808799744
0.837816,0.031254,0.02134498953819275,0.004326801747083664
0.9042175,0.4158095,-0.15398737788200378,-0.4284290075302124
0.962017,0.4529985,-0.03172663599252701,-0.19050557911396027
0.326467,0.0603625,-0.10203102976083755,0.02139352448284626
0.116083,0.0248685,0.0021363049745559692,-0.004855135455727577
0.82512,0.17488,-0.08716630190610886,-0.09049902111291885
0.3094795,0.9923575,0.8143855929374695,0.002537623979151249
0.17488,0.3614125,-0.13907214999198914,0.3129173517227173
0.9396375,0.3974565,-0.06240513175725937,-0.218610480427742
0.883917,0.379313,-0.18600094318389893,-0.407478928565979
0.9042175,0.0248685,0.01219484955072403,0.007090114988386631
0.3614125,0.947476,0.3257279694080353,0.055728062987327576
0.2766015,0.1499585,-0.22479575872421265,0.11543053388595581
0.037983,0.883917,-0.014663197100162506,0.052254341542720795
0.9975,0.0076425,0.0004914700984954834,-0.003881772980093956
0.20168,0.50942,-0.032255373895168304,0.35220175981521606
0.086295,0.49058,-0.01384396106004715,0.3161585330963135
0.0076425,0.5470015,-0.00024656206369400024,0.05576600879430771
0.6905205,0.031254,-0.018164701759815216,-0.008559510111808777
0.2607535,0.17488,-0.2325025498867035,0.1441553235054016
0.0188135,0.037983,0.0014961734414100647,-0.0030963830649852753
0.0248685,0.4158095,-0.005654968321323395,0.14242243766784668
0.7233985,0.3614125,-0.2224966585636139,-0.24698831140995026
0.162184,0.784224,0.11720401048660278,0.29531896114349365
0.5470015,0.49058,-0.0835052952170372,-0.031174082309007645
0.4529985,0.326467,-0.23228761553764343,0.06448054313659668
0.0076425,0.031254,0.0008502975106239319,-0.002900129184126854
0.9923575,0.4529985,-0.0030457302927970886,-0.028112348169088364
0.962017,0.5841905,-0.04330117255449295,-0.4265015125274658
0.138202,0.79832,0.09108109772205353,0.2634674906730652
0.0957825,0.6025435,0.029044941067695618,0.33889418840408325
0.0603625,0.326467,-0.043382756412029266,0.15648046135902405
0.138202,0.837816,0.07187569886445999,0.22028055787086487
0.962017,0.49058,-0.038188494741916656,-0.2599133849143982
0.4717595,0.9396375,0.4087887406349182,0.03370150923728943
0.3974565,0.434336,-0.12875047326087952,0.1317358762025833
0.9975,0.9227635,0.000928923487663269,-0.19983093440532684
0.9751315,0.968746,0.08199471235275269,-0.3862729072570801
0.0772365,0.2607535,-0.05438920110464096,0.10655894875526428
0.70715,0.9042175,0.33200669288635254,-0.023845665156841278
0.0957825,0.162184,-0.033661939203739166,0.0345710851252079
0.0076425,0.116083,0.0011448189616203308,-0.003313083201646805
0.837816,0.7392465,0.04360112547874451,-0.2643914818763733
0.343787,0.837816,0.2614389657974243,0.16258001327514648
0.7233985,0.086295,-0.07838261872529984,-0.05401724576950073
0.673533,0.4717595,-0.11799701303243637,-0.16974079608917236
0.620687,0.883917,0.34526732563972473,-0.008305203169584274
0.0076425,0.5841905,0.0020505040884017944,0.05199689045548439
0.9549315,0.343787,-0.01865454763174057,-0.05310565233230591
0.70715,0.2303275,-0.346516877412796,-0.22882582247257233
0.343787,0.5841905,0.022327452898025513,0.198555126786232
0.0957825,0.0603625,-0.0004895702004432678,-0.003049854189157486
0.326467,0.0188135,-0.022325344383716583,-0.0007486734539270401
0.5841905,0.968746,0.6013604402542114,0.0016977954655885696
0.913705,0.5282405,-0.10907752066850662,-0.5429505705833435
0.873088,0.105709,0.006036229431629181,0.004569972865283489
0.962017,0.5282405,-0.04203169792890549,-0.3292675018310547
0.9975,0.20168,-0.001382686197757721,0.010675108060240746
0.126912,0.245324,-0.10721846669912338,0.14620982110500336
0.9751315,0.6025435,-0.022647149860858917,-0.31531137228012085
0.8500415,0.1880465,-0.07005888968706131,-0.0763406753540039
0.913705,0.138202,0.0028406530618667603,0.012251393869519234
0.8500415,0.4529985,-0.161786288022995,-0.4277474880218506
0.962017,0.116083,0.003076620399951935,0.014064472168684006
0.8119535,0.947476,0.4194702208042145,-0.02826806902885437
0.754676,0.565664,-0.049084730446338654,-0.2498578578233719
0.20168,0.565664,0.018693774938583374,0.3565700054168701
0.326467,0.20168,-0.3119136095046997,0.16191299259662628
0.162184,0.9751315,0.19826817512512207,0.026527054607868195
0.620687,0.986924,0.8026796579360962,-0.0015894826501607895
0.379313,0.086295,-0.21430674195289612,0.042767591774463654
0.9396375,0.913705,0.06543222814798355,-0.3524755835533142
0.031254,0.620687,0.009298928081989288,0.1572142243385315
0.031254,0.2766015,-0.01648872345685959,0.06210167706012726
0.17488,0.29285,-0.17755314707756042,0.2527513802051544
0.7392465,0.17488,-0.2576468586921692,-0.19132624566555023
0.49058,0.49058,-0.07956577092409134,0.030601996928453445
0.0248685,0.6905205,0.005926258862018585,0.08646037429571152
0.873088,0.17488,-0.03114219754934311,-0.029433980584144592
0.9811865,0.3094795,-0.002078913152217865,-0.0023291166871786118
0.1499585,0.3094795,-0.13643744587898254,0.2557869255542755
0.6385875,0.82512,0.26743701100349426,-0.04537981003522873
0.343787,0.4158095,-0.13913729786872864,0.19460313022136688
0.9751315,0.138202,0.0013070404529571533,0.013347716070711613
0.126912,0.7233985,0.08811134099960327,0.3150314688682556
0.013076,0.565664,-0.0011038705706596375,0.08668282628059387
0.3974565,0.037983,-0.09170792251825333,0.011426324024796486
0.086295,0.20168,-0.04437825828790665,0.05752994492650032
0.913705,0.343787,-0.09927637130022049,-0.2225448340177536
0.9975,0.9751315,-0.0416879877448082,-0.33175814151763916
0.2607535,0.9042175,0.1811845898628235,0.14259985089302063
0.8500415,0.2303275,-0.12580201029777527,-0.1488121598958969
0.5470015,0.4158095,-0.15059804916381836,-0.030900731682777405
0.8500415,0.379313,-0.22250249981880188,-0.4226066470146179
0.5282405,0.4158095,-0.1497759222984314,-0.012214446440339088
0.968746,0.9549315,0.06398682296276093,-0.4194830060005188
0.3974565,0.79832,0.24922791123390198,0.1341691017150879
0.79832,0.379313,-0.22276458144187927,-0.34924590587615967
0.0772365,0.82512,0.02150627225637436,0.13570544123649597
0.2607535,0.379313,-0.16625559329986572,0.2818753123283386
0.9811865,0.79832,-0.02166072279214859,-0.489681601524353
0.784224,0.17488,-0.16175130009651184,-0.14791184663772583
0.0025,0.7233985,0.002150125801563263,0.009080055169761181
0.9923575,0.7233985,0.001925744116306305,-0.16464874148368835
0.1880465,0.5470015,0.003008916974067688,0.3648342490196228
0.986924,0.2766015,-0.0012544021010398865,0.005255134776234627
0.894291,0.873088,0.08288596570491791,-0.22332705557346344
0.5841905,0.0957825,-0.25638243556022644,-0.05242627114057541
0.9751315,0.086295,0.0021355226635932922,0.0093158558011055
0.037983,0.0772365,0.0019064098596572876,-0.0036584772169589996
0.6385875,0.3974565,-0.17871037125587463,-0.13604657351970673
0.883917,0.162184,-0.014778800308704376,-0.009498599916696548
0.4529985,0.565664,0.0037517324090003967,0.07947616279125214
0.9549315,0.656213,-0.04760383814573288,-0.5822629332542419
0.7696725,0.861798,0.22592903673648834,-0.08381054550409317
0.0957825,0.6905205,0.05692608654499054,0.29362499713897705
0.9751315,0.0076425,0.002947211265563965,0.0001304764300584793
0.3974565,0.7696725,0.21852737665176392,0.14119069278240204
0.138202,0.245324,-0.12288825958967209,0.1615869402885437
0.031254,0.031254,0.0017702654004096985,-0.003091065213084221
0.105709,0.2766015,-0.08613444119691849,0.15722303092479706
0.7392465,0.086295,-0.05989993363618851,-0.04699833691120148
0.434336,0.2766015,-0.2880519926548004,0.08417120575904846
0.0957825,0.0957825,-0.007714085280895233,0.0033509070053696632
0.3094795,0.565664,0.00613228976726532,0.23986172676086426
0.2607535,0.9811865,0.482024222612381,0.017058243975043297
0.9227635,0.068596,0.008833847939968109,0.01206147763878107
0.2607535,0.1499585,-0.20484542846679688,0.11026207357645035
0.82512,0.7696725,0.07930675894021988,-0.22277812659740448
0.20168,0.105709,-0.07652547210454941,0.03892353177070618
0.947476,0.7696725,-0.04317352920770645,-0.6284413933753967
0.4529985,0.245324,-0.3261140286922455,0.05989794433116913
0.434336,0.6385875,0.07411617785692215,0.10364750772714615
0.379313,0.931404,0.3272496163845062,0.0683719664812088
0.20168,0.17488,-0.15685832500457764,0.11912144720554352
0.861798,0.7233985,0.012463219463825226,-0.3136628270149231
0.0603625,0.837816,0.006240464746952057,0.09600892663002014
0.0603625,0.9811865,0.09452369064092636,0.05918090045452118
0.9549315,0.82512,-0.038163669407367706,-0.6382585167884827
0.7392465,0.0772365,-0.045394860208034515,-0.03671398013830185
0.3974565,0.0076425,-0.023176558315753937,0.0006417594850063324
0.962017,0.086295,0.003669455647468567,0.011647013947367668
0.116083,0.326467,-0.10019195824861526,0.23025397956371307
0.656213,0.3094795,-0.2703484296798706,-0.17221395671367645
0.4717595,0.5282405,-0.035149745643138885,0.061381638050079346
0.6025435,0.0025,-0.01275896281003952,0.004727374762296677
0.6025435,0.7392465,0.1671007126569748,-0.04382500424981117
0.79832,0.861798,0.19750231504440308,-0.09890903532505035
0.673533,0.3094795,-0.2739372253417969,-0.1933719366788864
0.326467,0.754676,0.1885557472705841,0.21197716891765594
0.2766015,0.0025,0.0028663426637649536,-0.009339462965726852
0.5841905,0.883917,0.35460731387138367,0.0048696910962462425
0.162184,0.6385875,0.06884798407554626,0.36725831031799316
0.565664,0.9923575,0.8849306702613831,0.001070244237780571
0.162184,0.754676,0.1175261065363884,0.3185986876487732
0.656213,0.894291,0.3427400290966034,-0.014255411922931671
0.754676,0.3614125,-0.23032504320144653,-0.28759878873825073
0.2607535,0.9396375,0.1608816385269165,0.08878245204687119
0.037983,0.913705,-0.03313393145799637,0.06730758398771286
0.8119535,0.2766015,-0.26513418555259705,-0.32353174686431885
0.037983,0.947476,-0.08877318352460861,0.11959748715162277
0.0188135,0.8119535,-0.0034773126244544983,0.026083331555128098
0.5841905,0.5282405,-0.05104709416627884,-0.0661177784204483
0.837816,0.7233985,0.03234727680683136,-0.27613455057144165
0.1499585,0.4529985,-0.06675223261117935,0.3559347987174988
0.0076425,0.754676,-0.0005960837006568909,0.015612800605595112
0.968746,0.947476,0.034102700650691986,-0.4733584523200989
0.894291,0.245324,-0.06660949438810349,-0.08656339347362518
0.0188135,0.105709,0.0012606903910636902,-0.0029538199305534363
0.883917,0.894291,0.13582360744476318,-0.15590181946754456
0.037983,0.4717595,-0.006665952503681183,0.20842668414115906
0.6905205,0.9975,0.958709180355072,3.628432750701904e-05
0.873088,0.962017,0.45889097452163696,-0.04010699689388275
0.913705,0.105709,0.007274836301803589,0.01303942408412695
0.9811865,0.9549315,-0.014583177864551544,-0.6140425205230713
0.6025435,0.7233985,0.14879904687404633,-0.04502531886100769
0.9227635,0.873088,0.03911609947681427,-0.3344600200653076
0.82512,0.343787,-0.2557264566421509,-0.38894587755203247
0.2303275,0.379313,-0.15442156791687012,0.3088526129722595
0.861798,0.1499585,-0.020406611263751984,-0.01886501908302307
0.3614125,0.8500415,0.2789750397205353,0.14170300960540771
0.162184,0.6025435,0.04453900456428528,0.37333762645721436
0.105709,0.4158095,-0.062370412051677704,0.2996337413787842
0.9811865,0.9975,0.6398177742958069,-0.04995273798704147
0.82512,0.215776,-0.1519414782524109,-0.16390763223171234
0.215776,0.326467,-0.2028978168964386,0.28568196296691895
0.343787,0.3094795,-0.24710553884506226,0.17807407677173615
0.0957825,0.931404,-0.07295503467321396,0.10062497854232788
0.9042175,0.138202,0.0015436410903930664,0.009412763640284538
0.1499585,0.6905205,0.09293161332607269,0.3499518632888794
0.3614125,0.7233985,0.1646331250667572,0.18331584334373474
0.7696725,0.9975,0.9512526988983154,4.7534704208374023e-05
0.0076425,0.883917,-0.003799058496952057,0.010438280180096626
0.5282405,0.968746,0.5828635692596436,0.0059288907796144485
0.70715,0.0450685,-0.0260767862200737,-0.01657574251294136
0.673533,0.0025,0.006420150399208069,0.006413701921701431
0.8119535,0.326467,-0.2720838189125061,-0.37075966596603394
0.754676,0.873088,0.2526302635669708,-0.06751152873039246
0.5841905,0.754676,0.19047333300113678,-0.028369750827550888
0.116083,0.0603625,-0.002339594066143036,-0.0016550179570913315
0.215776,0.20168,-0.1970198154449463,0.1662784218788147
0.9923575,0.82512,0.00020498037338256836,-0.2506380081176758
0.7233985,0.215776,-0.3338058590888977,-0.23803023993968964
0.5841905,0.052524,-0.1288670301437378,-0.02132188156247139
0.754676,0.986924,0.7942560315132141,-0.004341868683695793
0.873088,0.913705,0.19770291447639465,-0.1140710860490799
0.894291,0.379313,-0.16707459092140198,-0.38586366176605225
0.7233985,0.70715,0.09035736322402954,-0.16394397616386414
0.986924,0.0450685,0.0012675896286964417,0.002545640803873539
0.29285,0.138202,-0.2285001575946808,0.10470181703567505
0.894291,0.2607535,-0.08056456595659256,-0.11360570788383484
0.245324,0.0025,0.003190569579601288,-0.0066995322704315186
0.7233985,0.126912,-0.17043164372444153,-0.11097992956638336
0.837816,0.2766015,-0.21406123042106628,-0.28410691022872925
0.7392465,0.9549315,0.49256837368011475,-0.008064847439527512
0.913705,0.754676,-0.022392012178897858,-0.44972383975982666
0.2607535,0.2607535,-0.2563861906528473,0.23416739702224731
0.962017,0.6025435,-0.04297458380460739,-0.4560919404029846
0.9042175,0.2607535,-0.06231343001127243,-0.08625638484954834
0.0076425,0.5282405,-0.001296408474445343,0.056809887290000916
0.052524,0.0025,0.0014778301119804382,-0.002465471625328064
0.7696725,0.434336,-0.15720146894454956,-0.2906337380409241
0.138202,0.086295,-0.0156664177775383,0.00928294938057661
0.9396375,0.673533,-0.05197752267122269,-0.6198578476905823
0.343787,0.656213,0.09440399706363678,0.20412378013134003
0.754676,0.0450685,0.0003765299916267395,-0.009292956441640854
0.7233985,0.1880465,-0.3060876131057739,-0.2122696489095688
0.0025,0.116083,0.0011950433254241943,-0.0037766452878713608
0.962017,0.620687,-0.042482517659664154,-0.483931303024292
0.673533,0.8500415,0.2827302813529968,-0.04933316260576248
0.962017,0.5470015,-0.04295904189348221,-0.3628644347190857
0.3974565,0.861798,0.3062150180339813,0.10836939513683319
0.82512,0.837816,0.14045864343643188,-0.14801041781902313
0.1880465,0.126912,-0.08876078575849533,0.05289817601442337
0.116083,0.1499585,-0.03950846940279007,0.036450326442718506
0.6905205,0.3974565,-0.182032972574234,-0.1989177018404007
0.20168,0.9811865,0.3950446844100952,0.015534465201199055
0.9549315,0.9549315,0.16567467153072357,-0.27604222297668457
0.70715,0.326467,-0.2605106830596924,-0.23242048919200897
0.6905205,0.873088,0.3005436658859253,-0.04097442328929901
0.8119535,0.0025,0.02530381828546524,0.0021118689328432083
0.656213,0.086295,-0.15873342752456665,-0.05934969335794449
0.565664,0.0603625,-0.1640138328075409,-0.02272944524884224
0.1499585,0.82512,0.09229345619678497,0.24589528143405914
0.6385875,0.4158095,-0.16283732652664185,-0.1339605301618576
0.9396375,0.0025,0.007437683641910553,0.005521729588508606
0.031254,0.9751315,-0.08195479959249496,0.140336811542511
0.0772365,0.6905205,0.04389657825231552,0.2531164884567261
0.754676,0.620687,-0.0029520317912101746,-0.2367987185716629
0.29285,0.4717595,-0.07399728149175644,0.2559526562690735
0.82512,0.0957825,-0.002018190920352936,-0.007422346621751785
0.7233985,0.784224,0.1675485521554947,-0.10875515639781952
0.784224,0.9923575,0.8591732978820801,-0.0005886554718017578
0.126912,0.0248685,0.0020711272954940796,-0.004744032397866249
0.986924,0.931404,-0.03358142822980881,-0.5985447764396667
0.9227635,0.986924,0.6530608534812927,-0.023945987224578857
0.29285,0.1499585,-0.24464008212089539,0.11891349405050278
0.116083,0.17488,-0.05427693575620651,0.05738533288240433
0.0772365,0.20168,-0.03783527761697769,0.0506676509976387
0.837816,0.379313,-0.22755393385887146,-0.412051796913147
0.6025435,0.873088,0.3404044806957245,-0.006721224635839462
0.620687,0.4529985,-0.12739697098731995,-0.10998575389385223
0.1499585,0.2607535,-0.14492732286453247,0.19474180042743683
0.3974565,0.49058,-0.0701516792178154,0.13126486539840698
0.326467,0.2607535,-0.29206663370132446,0.18954713642597198
0.9227635,0.20168,-0.009542636573314667,0.0032872213050723076
0.931404,0.8500415,0.005406007170677185,-0.4210929274559021
0.037983,0.837816,-0.0015302672982215881,0.05436787009239197
0.086295,0.9811865,0.1714717596769333,0.04671800136566162
0.861798,0.126912,-0.0056547001004219055,-0.005566364154219627
0.754676,0.7233985,0.09026023745536804,-0.18439729511737823
0.3094795,0.4717595,-0.07465114444494247,0.23590674996376038
0.0076425,0.986924,-0.03490779548883438,0.1654834747314453
0.0248685,0.9975,0.6667729616165161,0.025723636150360107
0.9396375,0.326467,-0.03532535582780838,-0.07792110741138458
0.6025435,0.962017,0.5443741679191589,0.003321940079331398
0.565664,0.913705,0.38500839471817017,0.01907183974981308
0.3094795,0.105709,-0.18981346487998962,0.06877252459526062
0.0025,0.2303275,-0.0023579970002174377,0.0027024289593100548
0.17488,0.379313,-0.12900492548942566,0.3229251503944397
0.1499585,0.326467,-0.13205131888389587,0.27249908447265625
0.986924,0.4158095,-0.0016399547457695007,-0.0345311276614666
0.138202,0.9549315,-0.02634737640619278,0.07295045256614685
0.343787,0.29285,-0.2656400501728058,0.17716024816036224
0.656213,0.116083,-0.24178916215896606,-0.09833686798810959
0.962017,0.0076425,0.004456505179405212,0.002724219113588333
0.031254,0.4529985,-0.0071594491600990295,0.18064579367637634
0.9227635,0.754676,-0.0310891792178154,-0.5020633935928345
0.673533,0.1499585,-0.2999380826950073,-0.1471942663192749
0.068596,0.656213,0.03563116490840912,0.25783559679985046
0.861798,0.9811865,0.680456280708313,-0.013524658977985382
0.4717595,0.620687,0.05510216951370239,0.06619658321142197
0.70715,0.837816,0.2452915906906128,-0.07220202684402466
0.3974565,0.9227635,0.3364017605781555,0.06986282765865326
0.0772365,0.968746,-0.0494237020611763,0.07671980559825897
0.105709,0.9042175,-0.028161458671092987,0.1184438169002533
0.931404,0.931404,0.15397416055202484,-0.23708929121494293
0.0025,0.754676,0.0008454695343971252,0.005502833053469658
0.9396375,0.5841905,-0.07007353752851486,-0.5680828094482422
0.656213,0.068596,-0.11235236376523972,-0.04034660384058952
0.013076,0.3614125,-3.779679536819458e-05,0.06884372234344482
0.673533,0.9751315,0.6806201934814453,-0.0041485745459795
0.50942,0.7233985,0.1630292534828186,0.03507373109459877
0.5470015,0.8119535,0.27720388770103455,0.006947130896151066
0.0450685,0.673533,0.021721266210079193,0.17156468331813812
0.29285,0.052524,-0.06449752300977707,0.015705307945609093
0.837816,0.162184,-0.053140901029109955,-0.05431557446718216
0.79832,0.6025435,-0.02969219535589218,-0.28736627101898193
0.105709,0.861798,0.019641518592834473,0.1531849205493927
0.068596,0.9923575,0.5660998821258545,0.01786687783896923
0.5282405,0.8119535,0.2793380320072174,0.020658787339925766
0.116083,0.9396375,-0.06413815170526505,0.09836463630199432
0.5841905,0.9923575,0.8855178952217102,0.0009634420275688171
0.031254,0.105709,0.0007044896483421326,-0.002240581437945366
0.50942,0.9042175,0.3720024526119232,0.03574518859386444
0.873088,0.068596,0.01410084217786789,0.007195782847702503
0.565664,0.126912,-0.33552631735801697,-0.059545330703258514
0.656213,0.9751315,0.6807838678359985,-0.0035170260816812515
0.986924,0.0248685,0.0014903023838996887,0.00010310299694538116
0.3974565,0.086295,-0.2291329801082611,0.04040779173374176
0.434336,0.434336,-0.1321321725845337,0.08601532131433487
0.656213,0.986924,0.8038251996040344,-0.0024901442229747772
0.82512,0.138202,-0.03834763914346695,-0.03810136020183563
0.9923575,0.70715,0.0016907677054405212,-0.15479116141796112
0.9923575,0.215776,-0.0009488686919212341,0.01085856556892395
0.162184,0.6905205,0.09829464554786682,0.3522060513496399
0.9923575,0.0603625,0.0004601031541824341,0.0032795723527669907
0.9975,0.138202,-0.0010669156908988953,0.009206203743815422
0.6385875,0.138202,-0.3102051019668579,-0.11748205125331879
0.6025435,0.565664,-0.017508409917354584,-0.07988116890192032
0.873088,0.986924,0.7376254200935364,-0.009517928585410118
0.5841905,0.2607535,-0.3200018107891083,-0.08942360430955887
0.1880465,0.7696725,0.1367478370666504,0.30956655740737915
0.3974565,0.620687,0.057172082364559174,0.14031445980072021
0.754676,0.861798,0.23900926113128662,-0.07683343440294266
0.434336,0.0248685,-0.07310221344232559,0.004006777890026569
0.20168,0.434336,-0.09999679774045944,0.3378121256828308
0.9811865,0.50942,-0.008195079863071442,-0.13766074180603027
0.0188135,0.326467,-0.005423150956630707,0.06981250643730164
0.3094795,0.784224,0.2077556848526001,0.21766358613967896
0.379313,0.861798,0.29632899165153503,0.12142687290906906
0.126912,0.116083,-0.02635810524225235,0.019268788397312164
0.6385875,0.4717595,-0.11321199685335159,-0.12918208539485931
0.784224,0.052524,0.007453344762325287,-0.005122967064380646
0.9811865,0.894291,-0.04291864484548569,-0.6324837803840637
0.947476,0.9227635,0.06131485849618912,-0.37743741273880005
0.8500415,0.0076425,0.022124864161014557,0.0035586459562182426
0.138202,0.6025435,0.038393691182136536,0.3728644847869873
0.037983,0.0188135,0.0016171559691429138,-0.0027594976127147675
0.245324,0.49058,-0.054559580981731415,0.31081336736679077
0.052524,0.7392465,0.023621253669261932,0.140379399061203
0.8119535,0.20168,-0.1549300253391266,-0.1581634283065796
0.0450685,0.50942,-9.767711162567139e-06,0.23523811995983124
0.9923575,0.0957825,4.404038190841675e-05,0.00690495315939188
0.343787,0.162184,-0.30972787737846375,0.1237819641828537
0.068596,0.2303275,-0.03917365521192551,0.06806398928165436
0.49058,0.673533,0.1072409376502037,0.0515374094247818
0.215776,0.2607535,-0.2189280092716217,0.23640401661396027
0.037983,0.962017,-0.10631493479013443,0.1384354829788208
0.105709,0.086295,-0.00702793151140213,0.0023695845156908035
0.116083,0.138202,-0.03285396844148636,0.028147878125309944
0.138202,0.4158095,-0.08400169759988785,0.3321571350097656
0.931404,0.068596,0.007829323410987854,0.01241209451109171
0.0188135,0.9975,0.6015419960021973,0.04990089684724808
0.2766015,0.3094795,-0.23246073722839355,0.24474766850471497
0.861798,0.0957825,0.007766842842102051,0.003390466794371605
0.1499585,0.754676,0.10862736403942108,0.3127567768096924
0.4158095,0.0603625,-0.16617771983146667,0.022803038358688354
0.116083,0.50942,-0.015444211661815643,0.3604539632797241
0.5282405,0.656213,0.0862688422203064,0.016724983230233192
0.052524,0.29285,-0.037379465997219086,0.11212843656539917
0.2303275,0.947476,0.11349890381097794,0.07636065781116486
0.7696725,0.9751315,0.66567462682724,-0.008317559957504272
0.343787,0.0248685,-0.037673451006412506,0.003006812185049057
0.837816,0.126912,-0.017710573971271515,-0.018546391278505325
0.2766015,0.0450685,-0.044731564819812775,0.011269653216004372
0.9975,0.086295,-0.0004942938685417175,0.005016862414777279
0.2303275,0.0450685,-0.025779731571674347,0.010811631567776203
0.162184,0.9975,0.8800002932548523,-0.0021066460758447647
0.784224,0.673533,0.029888488352298737,-0.2449059635400772
0.215776,0.0603625,-0.03396403044462204,0.015970181673765182
0.3094795,0.0772365,-0.12643977999687195,0.03703910857439041
0.8500415,0.6025435,-0.04880940169095993,-0.3601551651954651
0.4529985,0.9811865,0.6798187494277954,0.008428767323493958
0.0025,0.037983,0.0008940622210502625,-0.0032502394169569016
0.7233985,0.9811865,0.7415950894355774,-0.005433950573205948
0.086295,0.913705,-0.05347559601068497,0.10074128955602646
0.9396375,0.0188135,0.007376730442047119,0.0073752570897340775
0.620687,0.82512,0.27524125576019287,-0.03576068952679634
0.5841905,0.0188135,-0.046183161437511444,-0.003121631219983101
0.17488,0.9227635,0.029695235192775726,0.12354034930467606
0.883917,0.656213,-0.03825945407152176,-0.4138227105140686
0.5841905,0.162184,-0.3676835000514984,-0.08774923533201218
0.6025435,0.068596,-0.16178715229034424,-0.035451099276542664
0.9923575,0.0450685,0.0006398260593414307,0.0015444029122591019
0.052524,0.031254,0.002158619463443756,-0.0037113577127456665
0.7233985,0.379313,-0.2033020257949829,-0.2432868331670761
0.013076,0.5282405,-0.0032868757843971252,0.09144101291894913
0.17488,0.9042175,0.05415800213813782,0.1512737274169922
0.0957825,0.656213,0.04779694229364395,0.31693994998931885
0.2303275,0.673533,0.10225365310907364,0.32438135147094727
0.3974565,0.6025435,0.03943526744842529,0.13847510516643524
0.0603625,0.2607535,-0.04050471633672714,0.08942956477403641
0.50942,0.0248685,-0.08031456917524338,-0.0041921064257621765
0.82512,0.3614125,-0.24464645981788635,-0.39381957054138184
0.0450685,0.6385875,0.021113254129886627,0.19851258397102356
0.6385875,0.9042175,0.3613429069519043,-0.003446929156780243
0.2766015,0.8500415,0.21622708439826965,0.2001269906759262
0.1880465,0.754676,0.13360725343227386,0.31931185722351074
0.052524,0.0450685,0.0022488757967948914,-0.004060393199324608
0.0603625,0.7696725,0.025869734585285187,0.13840124011039734
0.379313,0.3614125,-0.19719082117080688,0.14090335369110107
0.3094795,0.4529985,-0.0910210981965065,0.2357061803340912
0.620687,0.6385875,0.053901150822639465,-0.07944126427173615
0.434336,0.565664,0.005207926034927368,0.0978495329618454
0.754676,0.9042175,0.3005962371826172,-0.0407090038061142
0.126912,0.4529985,-0.05442184954881668,0.34656596183776855
0.82512,0.9396375,0.3677234649658203,-0.04117108881473541
0.379313,0.013076,-0.027939923107624054,0.0020179245620965958
0.5282405,0.873088,0.3502943813800812,0.025748854503035545
0.9923575,0.79832,0.0013108178973197937,-0.22368526458740234
0.20168,0.873088,0.12430543452501297,0.1988774687051773
0.013076,0.379313,0.0004525035619735718,0.0758008062839508
0.6025435,0.931404,0.4166381061077118,0.01165880635380745
0.7696725,0.2766015,-0.31426870822906494,-0.3104758858680725
0.3974565,0.052524,-0.13168993592262268,0.019126277416944504
0.968746,0.1880465,0.00038902461528778076,0.01475557778030634
0.9811865,0.3614125,-0.0021622702479362488,-0.02000873163342476
0.7392465,0.894291,0.2942887544631958,-0.04294529929757118
0.086295,0.861798,0.004467956721782684,0.12517690658569336
0.620687,0.343787,-0.2272302210330963,-0.12245588004589081
0.245324,0.4529985,-0.08763948827981949,0.3072546720504761
0.947476,0.105709,0.004899859428405762,0.014823047444224358
0.82512,0.3974565,-0.2100285291671753,-0.3924671411514282
0.2766015,0.5282405,-0.024901635944843292,0.2783192992210388
0.894291,0.3974565,-0.17053794860839844,-0.4189468026161194
0.9811865,0.0076425,0.0022942647337913513,-0.0010295547544956207
0.013076,0.8119535,-0.0036715641617774963,0.017000751569867134
0.9811865,0.037983,0.001987263560295105,0.0027871793136000633
0.968746,0.82512,-0.03796028345823288,-0.6470708250999451
0.379313,0.162184,-0.3369985520839691,0.10203433781862259
0.037983,0.620687,0.014447852969169617,0.18432798981666565
0.70715,0.9811865,0.7433420419692993,-0.004987752065062523
0.754676,0.2766015,-0.32086890935897827,-0.2927170991897583
0.4529985,0.2766015,-0.28805074095726013,0.06374922394752502
0.50942,0.3974565,-0.165982186794281,0.006791762076318264
0.6905205,0.2766015,-0.31888818740844727,-0.21494203805923462
0.7233985,0.9042175,0.3223825693130493,-0.029244329780340195
0.5841905,0.82512,0.2876459062099457,-0.0148475281894207
0.837816,0.784224,0.07902314513921738,-0.22573506832122803
0.138202,0.49058,-0.03491642326116562,0.36723804473876953
0.6905205,0.126912,-0.22453823685646057,-0.11733169853687286
0.9042175,0.883917,0.0815962702035904,-0.23779179155826569
0.138202,0.5470015,0.00311482697725296,0.3765566349029541
0.4717595,0.9042175,0.363252729177475,0.050034962594509125
0.931404,0.6905205,-0.04930264502763748,-0.5962961912155151
0.962017,0.986924,0.4705016016960144,-0.08406548202037811
0.343787,0.9923575,0.837647020816803,0.0006326250731945038
0.931404,0.1880465,-0.00308101624250412,0.011296078562736511
0.9751315,0.0188135,0.002846851944923401,0.0015762653201818466
0.0772365,0.7392465,0.04424256831407547,0.2083185613155365
0.837816,0.215776,-0.12753504514694214,-0.142621710896492
0.7696725,0.913705,0.311969518661499,-0.03891824930906296
0.784224,0.962017,0.5269111394882202,-0.01264440268278122
0.0025,0.0957825,0.001559719443321228,-0.004109175875782967
0.837816,0.0248685,0.022116027772426605,0.0041730767115950584
0.8119535,0.5282405,-0.08722671121358871,-0.32497507333755493
0.837816,0.29285,-0.2299182116985321,-0.3211926817893982
0.6905205,0.6385875,0.036765776574611664,-0.1603134721517563
0.9811865,0.9396375,-0.03143983334302902,-0.6504120826721191
0.82512,0.931404,0.32827457785606384,-0.0495004877448082
0.962017,0.29285,-0.007218874990940094,-0.0060905348509550095
0.784224,0.6385875,0.0016377046704292297,-0.26082730293273926
0.861798,0.215776,-0.08766835182905197,-0.1035027727484703
0.052524,0.754676,0.021838806569576263,0.12853410840034485
0.9042175,0.9923575,0.7841706275939941,-0.007266692817211151
0.6905205,0.1499585,-0.28036177158355713,-0.1527920663356781
0.245324,0.968746,0.24905899167060852,0.03468416631221771
0.052524,0.6905205,0.027024053037166595,0.18189473450183868
0.9227635,0.49058,-0.11404519528150558,-0.4981308579444885
0.105709,0.5282405,-0.002806134521961212,0.3542620539665222
0.6905205,0.754676,0.15313009917736053,-0.10064449906349182
0.3094795,0.343787,-0.2034965455532074,0.21943004429340363
0.9751315,0.215776,-0.0005215927958488464,0.012533189728856087
0.656213,0.2303275,-0.3554520606994629,-0.17337623238563538
0.162184,0.2607535,-0.16071072220802307,0.20673544704914093
0.968746,0.0248685,0.003523983061313629,0.0036034639924764633
0.116083,0.379313,-0.08641885966062546,0.28258830308914185
0.052524,0.79832,0.014458492398262024,0.10019475966691971
0.245324,0.8119535,0.18534386157989502,0.25168848037719727
0.913705,0.126912,0.004669159650802612,0.012875262647867203
0.986924,0.5841905,-0.003469519317150116,-0.1547776162624359
0.5470015,0.962017,0.5320196151733398,0.007624211721122265
0.17488,0.962017,0.06593386828899384,0.04946000874042511
0.0603625,0.913705,-0.054301030933856964,0.08622273057699203
0.4529985,0.913705,0.36296865344047546,0.05425495281815529
0.7233985,0.50942,-0.09105313569307327,-0.22309355437755585
0.3614125,0.29285,-0.2678729295730591,0.1585080325603485
0.6025435,0.116083,-0.2933181822299957,-0.07801283150911331
0.931404,0.4717595,-0.09983021765947342,-0.43440109491348267
0.0603625,0.4529985,-0.017045803368091583,0.25335049629211426
0.620687,0.50942,-0.07304633408784866,-0.10612036287784576
0.215776,0.968746,0.1980488896369934,0.03399836644530296
0.6905205,0.326467,-0.2564966082572937,-0.21201206743717194
0.0450685,0.0188135,0.0017911344766616821,-0.002984344959259033
0.4529985,0.2607535,-0.3075544834136963,0.062111373990774155
0.3614125,0.3614125,-0.19452911615371704,0.16216523945331573
0.79832,0.086295,-0.008491255342960358,-0.01385708898305893
0.9396375,0.5470015,-0.0778852328658104,-0.5221396684646606
0.052524,0.9227635,-0.062379978597164154,0.08820641040802002
0.9227635,0.245324,-0.02546747773885727,-0.02242666482925415
0.6025435,0.29285,-0.28190377354621887,-0.108456090092659
0.2766015,0.9549315,0.20911259949207306,0.06028441712260246
0.784224,0.1499585,-0.11200272291898727,-0.10362343490123749
0.6905205,0.861798,0.2870979905128479,-0.04901549965143204
0.2303275,0.883917,0.15391862392425537,0.17903640866279602
0.17488,0.17488,-0.12191659957170486,0.10351917892694473
0.086295,0.4158095,-0.04727809876203537,0.270962655544281
0.138202,0.883917,0.031118109822273254,0.16426816582679749
0.245324,0.116083,-0.13544994592666626,0.06212418153882027
0.6905205,0.883917,0.3131595551967621,-0.03301325440406799
0.931404,0.116083,0.005702890455722809,0.015253547579050064
0.3974565,0.894291,0.3227676451206207,0.0901460349559784
0.754676,0.656213,0.029435954988002777,-0.22269394993782043
0.215776,0.8119535,0.161558136343956,0.2672652006149292
0.968746,0.986924,0.40573275089263916,-0.11284086108207703
0.245324,0.7696725,0.16938501596450806,0.27863144874572754
0.883917,0.17488,-0.022418566048145294,-0.017862144857645035
0.343787,0.9549315,0.31727686524391174,0.050800394266843796
0.116083,0.9227635,-0.04582015424966812,0.11197369545698166
0.3094795,0.79832,0.21795408427715302,0.2114614099264145
0.9042175,0.9549315,0.35577043890953064,-0.08850110322237015
0.052524,0.894291,-0.02812463790178299,0.07267764210700989
0.0025,0.105709,0.0014067739248275757,-0.003984317183494568
0.9923575,0.052524,0.0005521774291992188,0.002401130273938179
0.5470015,0.0450685,-0.12757492065429688,-0.012598417699337006
0.4158095,0.5282405,-0.029985539615154266,0.11382869631052017
0.126912,0.620687,0.04546715319156647,0.36459922790527344
0.9227635,0.138202,0.0035822466015815735,0.014259779825806618
0.126912,0.70715,0.08473413437604904,0.3261100649833679
0.068596,0.70715,0.03841700404882431,0.21529613435268402
0.434336,0.8119535,0.27261945605278015,0.09761998802423477
0.837816,0.565664,-0.06775090843439102,-0.35362672805786133
0.79832,0.5841905,-0.04299455136060715,-0.29238760471343994
0.031254,0.70715,0.009399905800819397,0.0977676659822464
0.50942,0.9549315,0.47703438997268677,0.015989132225513458
0.8119535,0.031254,0.020682774484157562,0.002242235466837883
0.7696725,0.931404,0.37127000093460083,-0.02563348412513733
0.031254,0.215776,-0.008493013679981232,0.02353639528155327
0.6025435,0.0957825,-0.2416045367717743,-0.05983665585517883
0.1499585,0.0957825,-0.02647579461336136,0.01714901812374592
0.565664,0.3974565,-0.17066630721092224,-0.05135360360145569
0.883917,0.105709,0.007025487720966339,0.00728688295930624
0.784224,0.9396375,0.3977416753768921,-0.02478235587477684
0.1499585,0.215776,-0.12132733315229416,0.13813012838363647
0.326467,0.931404,0.26420509815216064,0.08664631843566895
0.9923575,0.6025435,-0.0014356300234794617,-0.09964099526405334
0.0450685,0.947476,-0.09682898968458176,0.11806328594684601
0.968746,0.9751315,0.2011411190032959,-0.23655183613300323
0.9396375,0.29285,-0.024128861725330353,-0.035043906420469284
0.3094795,0.138202,-0.24829545617103577,0.1068488359451294
0.82512,0.5470015,-0.07673951238393784,-0.3391094207763672
0.962017,0.215776,-0.0011795982718467712,0.012844305485486984
0.3094795,0.962017,0.29572609066963196,0.04550906643271446
0.126912,0.754676,0.08934018015861511,0.29029226303100586
0.0025,0.9923575,0.01664123684167862,0.15023921430110931
0.0957825,0.3974565,-0.062438808381557465,0.2700074315071106
0.50942,0.086295,-0.2654455900192261,-0.005681686103343964
0.9549315,0.052524,0.00501801073551178,0.009317750111222267
0.968746,0.962017,0.10271446406841278,-0.3614232540130615
0.9751315,0.29285,-0.003026716411113739,-0.00014798156917095184
0.326467,0.0025,0.0008874088525772095,-0.003961451351642609
0.2766015,0.9042175,0.20300635695457458,0.1379222571849823
0.673533,0.7696725,0.1797480583190918,-0.08469722419977188
0.29285,0.50942,-0.04264133423566818,0.25723764300346375
0.1499585,0.2303275,-0.1308736801147461,0.1571221947669983
0.5841905,0.50942,-0.06840235739946365,-0.06778915971517563
0.4717595,0.434336,-0.1341680884361267,0.04329681023955345
0.9549315,0.086295,0.0045327916741371155,0.012647027149796486
0.2303275,0.2303275,-0.2284587323665619,0.209092915058136
0.8119535,0.565664,-0.05977780371904373,-0.31397688388824463
0.0248685,0.29285,-0.011536426842212677,0.06188710033893585
0.9396375,0.9975,0.8575676679611206,-0.015017766505479813
0.5470015,0.162184,-0.37552332878112793,-0.04988374561071396
0.245324,0.326467,-0.2114621102809906,0.2704719305038452
0.6025435,0.70715,0.13074183464050293,-0.04590361565351486
0.086295,0.379313,-0.059352196753025055,0.23980195820331573
0.9396375,0.50942,-0.08242722600698471,-0.46101218461990356
0.4529985,0.873088,0.33756038546562195,0.06673572212457657
0.6905205,0.7233985,0.12250401079654694,-0.11619696021080017
0.215776,0.3974565,-0.13389378786087036,0.3214449882507324
0.3974565,0.50942,-0.047157593071460724,0.1324089616537094
0.138202,0.0248685,0.0018799081444740295,-0.004307093098759651
0.3094795,0.82512,0.234017476439476,0.19686150550842285
0.931404,0.0603625,0.00802002102136612,0.011731335893273354
0.5282405,0.861798,0.33986005187034607,0.024432815611362457
0.031254,0.1499585,-0.0027486905455589294,0.003191954456269741
0.0076425,0.50942,-0.0020012930035591125,0.05750314146280289
0.2766015,0.968746,0.3014163076877594,0.03519139066338539
0.215776,0.126912,-0.11887400597333908,0.06284661591053009
0.986924,0.6905205,-0.0031311139464378357,-0.24536685645580292
0.9396375,0.3614125,-0.04891637712717056,-0.14135372638702393
0.673533,0.4529985,-0.13363656401634216,-0.1714124083518982
0.8119535,0.3094795,-0.27613356709480286,-0.36162132024765015
0.931404,0.883917,0.037989743053913116,-0.36694657802581787
0.2607535,0.215776,-0.2569040060043335,0.1949644833803177
0.6025435,0.82512,0.2820160388946533,-0.02560216188430786
0.162184,0.873088,0.07262328267097473,0.19253623485565186
0.3974565,0.105709,-0.2768334746360779,0.053121648728847504
0.052524,0.873088,-0.012948073446750641,0.07192122936248779
0.8500415,0.5470015,-0.0852932408452034,-0.3871977925300598
0.379313,0.8119535,0.25737932324409485,0.14563900232315063
0.037983,0.50942,-0.0013518407940864563,0.2134578824043274
0.7696725,0.17488,-0.19348081946372986,-0.16606006026268005
0.656213,0.3614125,-0.21291330456733704,-0.16317830979824066
0.962017,0.784224,-0.041357241570949554,-0.644931435585022
0.4717595,0.0957825,-0.2893320620059967,0.017229944467544556
0.784224,0.0450685,0.011175483465194702,-0.003353223204612732
0.82512,0.8500415,0.15048524737358093,-0.13228127360343933
0.931404,0.656213,-0.05625491589307785,-0.6035546660423279
0.0076425,0.1880465,-0.0005138590931892395,0.0012244731187820435
0.50942,0.9975,0.9437431693077087,-0.0010596904903650284
0.434336,0.6025435,0.03906100243330002,0.10047397017478943
0.379313,0.7696725,0.21526411175727844,0.15835897624492645
0.2766015,0.5841905,0.02631431072950363,0.2820580005645752
0.138202,0.9811865,0.2892608344554901,0.022152572870254517
0.031254,0.673533,0.010596968233585358,0.12140428274869919
0.968746,0.0188135,0.003573313355445862,0.002838444896042347
0.79832,0.9549315,0.47100263833999634,-0.018826216459274292
0.9227635,0.9396375,0.20857201516628265,-0.1784944087266922
0.9923575,0.9975,0.3849785625934601,-0.20482772588729858
0.245324,0.837816,0.1875736266374588,0.22914251685142517
0.9975,0.434336,-0.004989363253116608,0.0020610634237527847
0.2303275,0.116083,-0.11914730817079544,0.05673031508922577
0.343787,0.968746,0.4041460156440735,0.031712427735328674
0.037983,0.70715,0.01452750712633133,0.12013071775436401
0.620687,0.8119535,0.2567536532878876,-0.04057836905121803
0.1880465,0.8500415,0.12262284755706787,0.23029114305973053
0.8500415,0.962017,0.4846080541610718,-0.02873086929321289
0.50942,0.8500415,0.32705920934677124,0.034707773476839066
0.031254,0.0450685,0.002104617655277252,-0.0035825390368700027
0.873088,0.0248685,0.017588436603546143,0.005259484983980656
0.0603625,0.17488,-0.019008927047252655,0.02377648651599884
0.837816,0.79832,0.09052899479866028,-0.21234454214572906
0.5470015,0.3974565,-0.1678454875946045,-0.031056590378284454
0.068596,0.0450685,0.0019495859742164612,-0.0042327698320150375
0.6385875,0.6385875,0.04895620048046112,-0.10127931833267212
0.162184,0.620687,0.057070113718509674,0.3706892132759094
0.784224,0.3974565,-0.19683629274368286,-0.32161664962768555
0.3094795,0.7696725,0.1963205188512802,0.22318626940250397
0.873088,0.343787,-0.19492873549461365,-0.36246758699417114
0.7233985,0.9549315,0.4959230422973633,-0.005971262231469154
0.0603625,0.8119535,0.01583404839038849,0.10994308441877365
0.0957825,0.1499585,-0.028067417442798615,0.026659909635782242
0.2766015,0.326467,-0.21612092852592468,0.2480083853006363
0.754676,0.0957825,-0.057720981538295746,-0.049199506640434265
0.326467,0.656213,0.09406792372465134,0.22409093379974365
0.0076425,0.138202,0.00043851882219314575,-0.0024939794093370438
0.70715,0.9751315,0.6782645583152771,-0.005390005186200142
0.0603625,0.0772365,0.0004926323890686035,-0.0029644425958395004
0.5841905,0.2766015,-0.2996903359889984,-0.08815386146306992
0.7392465,0.126912,-0.14304420351982117,-0.10504218190908432
0.5841905,0.9549315,0.49788621068000793,0.007812556810677052
0.894291,0.1499585,-0.0044466182589530945,0.0026352377608418465
0.894291,0.2303275,-0.05332642048597336,-0.06279590725898743
0.0248685,0.9811865,-0.0476374551653862,0.14263133704662323
0.068596,0.861798,-0.004112578928470612,0.09871672838926315
0.4158095,0.49058,-0.07126451283693314,0.11529920250177383
0.4158095,0.9751315,0.5714289546012878,0.016101045534014702
0.0188135,0.968746,-0.08949669450521469,0.15978871285915375
0.70715,0.9975,0.9580893516540527,3.4164637327194214e-05
0.8500415,0.20168,-0.08769939094781876,-0.09885592758655548
0.2607535,0.105709,-0.13474327325820923,0.05661492049694061
0.9923575,0.6905205,0.0013510584831237793,-0.14534129202365875
0.673533,0.013076,-0.0043866559863090515,0.0011758487671613693
0.20168,0.116083,-0.08972898870706558,0.04743438959121704
0.7233985,0.9751315,0.6761290431022644,-0.006038881838321686
0.0772365,0.0025,0.001812949776649475,-0.0032211467623710632
0.5470015,0.861798,0.3391425609588623,0.01463550515472889
0.7233985,0.20168,-0.32265281677246094,-0.22700805962085724
0.620687,0.29285,-0.28475186228752136,-0.13064143061637878
0.162184,0.0957825,-0.03405620902776718,0.021348418667912483
0.79832,0.883917,0.22585195302963257,-0.07875720411539078
0.3974565,0.0248685,-0.05937119573354721,0.00578401330858469
0.968746,0.434336,-0.017134197056293488,-0.11968488991260529
0.0957825,0.379313,-0.06859830766916275,0.2536427974700928
0.9549315,0.17488,0.0011185705661773682,0.015981091186404228
0.9549315,0.79832,-0.04222088307142258,-0.6443463563919067
0.0248685,0.7233985,0.004513539373874664,0.06806062161922455
0.29285,0.894291,0.2274087369441986,0.1444011777639389
0.70715,0.784224,0.17916461825370789,-0.09873702377080917
0.9042175,0.1880465,-0.015348382294178009,-0.006057562306523323
0.343787,0.9042175,0.281844824552536,0.11034729331731796
0.031254,0.656213,0.010664455592632294,0.13386110961437225
0.1880465,0.434336,-0.09663268178701401,0.3439190983772278
0.8119535,0.3614125,-0.24616453051567078,-0.37506067752838135
0.3614125,0.6385875,0.07614652812480927,0.1826508641242981
0.162184,0.894291,0.04911994934082031,0.16284166276454926
0.7392465,0.837816,0.2223634123802185,-0.08711326122283936
0.0772365,0.6025435,0.027422547340393066,0.30574923753738403
0.7392465,0.7696725,0.14239437878131866,-0.1302226036787033
0.037983,0.9042175,-0.025355063378810883,0.060138024389743805
0.162184,0.0188135,0.00196944922208786,-0.003078179433941841
0.883917,0.086295,0.010828785598278046,0.00838242657482624
0.861798,0.70715,0.003285057842731476,-0.32499146461486816
0.986924,0.1499585,8.672475814819336e-06,0.0118118766695261
0.2303275,0.70715,0.1257420927286148,0.3159129023551941
0.9811865,0.068596,0.0016584992408752441,0.006309324875473976
0.5282405,0.9923575,0.882847249507904,0.0010977797210216522
0.986924,0.215776,-0.0006638243794441223,0.01145100686699152
0.052524,0.9751315,-0.03342033177614212,0.08564888685941696
0.3094795,0.0076425,-0.0039640143513679504,-0.005665166303515434
0.0188135,0.9227635,-0.01648137718439102,0.04938296601176262
0.873088,0.4529985,-0.1660957634449005,-0.46897339820861816
0.17488,0.2607535,-0.17601916193962097,0.2166203111410141
0.20168,0.052524,-0.02120954543352127,0.011476494371891022
0.013076,0.0188135,0.0006472989916801453,-0.0023545995354652405
0.8500415,0.620687,-0.03779289871454239,-0.3514363169670105
0.29285,0.379313,-0.169476717710495,0.2455417662858963
0.9975,0.343787,-0.0016342923045158386,0.003898702561855316
0.4158095,0.8119535,0.26832807064056396,0.11377209424972534
0.215776,0.0772365,-0.05217333883047104,0.02382752113044262
0.6025435,0.0076425,-0.020658321678638458,0.0022869668900966644
0.013076,0.0772365,0.0019022375345230103,-0.0038290880620479584
0.116083,0.343787,-0.0973064973950386,0.24848027527332306
0.9811865,0.962017,-0.000346548855304718,-0.57215815782547
0.873088,0.8119535,0.060501955449581146,-0.25303274393081665
0.031254,0.4717595,-0.005921952426433563,0.1849154680967331
0.947476,0.49058,-0.06608221679925919,-0.3715779185295105
0.931404,0.9042175,0.06700097769498825,-0.3270326852798462
0.105709,0.037983,0.0013867244124412537,-0.0044479817152023315
0.326467,0.82512,0.24399179220199585,0.1836024671792984
0.79832,0.0450685,0.014689803123474121,-0.0007829070091247559
0.873088,0.7233985,0.0026303231716156006,-0.3364158868789673
0.068596,0.9396375,-0.09256810694932938,0.10082897543907166
0.4717595,0.931404,0.39208731055259705,0.039260488003492355
0.1880465,0.6905205,0.1062827929854393,0.34760594367980957
0.7233985,0.565664,-0.04384429007768631,-0.2162536233663559
0.215776,0.138202,-0.13378623127937317,0.07583317160606384
0.4717595,0.913705,0.3702940344810486,0.0473933145403862
0.873088,0.9923575,0.8153346180915833,-0.0031758099794387817
0.162184,0.0076425,0.0039357468485832214,-0.004705125465989113
0.037983,0.20168,-0.010242380201816559,0.022332986816763878
0.4529985,0.947476,0.4184902608394623,0.03143375366926193
0.105709,0.0025,0.002448044717311859,-0.0043579768389463425
0.70715,0.0188135,0.002061404287815094,-0.0015639327466487885
0.052524,0.3094795,-0.03735958784818649,0.12888309359550476
0.29285,0.673533,0.10865689069032669,0.26126620173454285
0.7392465,0.1880465,-0.2832801043987274,-0.21405883133411407
0.162184,0.5282405,-0.011976636946201324,0.3744499087333679
0.6385875,0.031254,-0.04633777588605881,-0.011029798537492752
0.861798,0.9751315,0.6058838367462158,-0.01916543021798134
0.0957825,0.49058,-0.017880670726299286,0.3310009241104126
0.873088,0.126912,-0.0018027499318122864,-0.0004344470798969269
0.245324,0.052524,-0.03967926651239395,0.014790796674787998
0.068596,0.0076425,0.001815788447856903,-0.0031794998794794083
0.861798,0.2303275,-0.10540006309747696,-0.12859737873077393
0.052524,0.326467,-0.036456815898418427,0.14568203687667847
0.9042175,0.6905205,-0.03702837973833084,-0.4656863808631897
0.052524,0.9042175,-0.03779376298189163,0.07580755650997162
0.2303275,0.931404,0.11160183697938919,0.10603242367506027
0.2303275,0.9549315,0.1299150139093399,0.06128726154565811
0.931404,0.2303275,-0.01289253681898117,-0.0018862057477235794
0.1499585,0.052524,-0.005377538502216339,0.0018515568226575851
0.20168,0.3614125,-0.15724125504493713,0.3139892816543579
0.79832,0.50942,-0.09899633377790451,-0.3108881711959839
0.0957825,0.82512,0.03628622740507126,0.1705392748117447
0.565664,0.20168,-0.37376540899276733,-0.07044227421283722
0.49058,0.931404,0.39955398440361023,0.0345107764005661
0.894291,0.9227635,0.19392159581184387,-0.1393333226442337
0.162184,0.7696725,0.11816143244504929,0.30747032165527344
0.162184,0.20168,-0.12707367539405823,0.13095149397850037
0.5841905,0.913705,0.38418513536453247,0.014295395463705063
0.5470015,0.656213,0.08434988558292389,7.493048906326294e-05
0.0188135,0.837816,-0.005394868552684784,0.02326282113790512
0.2766015,0.17488,-0.251556396484375,0.1471758782863617
0.5282405,0.3974565,-0.1662171483039856,-0.01163925975561142
0.6905205,0.9923575,0.8800825476646423,8.96453857421875e-05
0.620687,0.3094795,-0.2644325792789459,-0.12833572924137115
0.29285,0.086295,-0.13037976622581482,0.04489254206418991
0.0188135,0.2303275,-0.004514358937740326,0.017977910116314888
0.3614125,0.656213,0.09448376297950745,0.18401260673999786
0.8500415,0.7392465,0.03269946575164795,-0.28206372261047363
0.1880465,0.7233985,0.12265845388174057,0.33549124002456665
0.068596,0.0772365,-0.0002663955092430115,-0.0025504212826490402
0.9811865,0.931404,-0.036995045840740204,-0.6559967398643494
0.0603625,0.6385875,0.030180200934410095,0.24689272046089172
0.9811865,0.947476,-0.02428128570318222,-0.637759268283844
0.784224,0.2766015,-0.30291634798049927,-0.32388460636138916
0.162184,0.1499585,-0.08317936211824417,0.06488966941833496
0.013076,0.068596,0.0018933415412902832,-0.003807324916124344
0.968746,0.49058,-0.025590352714061737,-0.20613893866539001
0.9975,0.70715,-0.0006101951003074646,-0.06058449298143387
0.0450685,0.20168,-0.014684461057186127,0.027579661458730698
0.20168,0.861798,0.13214026391506195,0.21454893052577972
0.037983,0.013076,0.0014444738626480103,-0.0025009196251630783
0.0248685,0.2766015,-0.011219330132007599,0.05045590177178383
0.2607535,0.8119535,0.1965721994638443,0.24150022864341736
0.82512,0.245324,-0.2003358006477356,-0.23310406506061554
0.2303275,0.7696725,0.16170968115329742,0.2896345853805542
0.1880465,0.962017,0.08943401277065277,0.047915536910295486
0.068596,0.968746,-0.060694240033626556,0.08255147933959961
0.9975,0.82512,0.0015701577067375183,-0.1045757308602333
0.068596,0.20168,-0.03159411996603012,0.04448821395635605
0.17488,0.1499585,-0.098456971347332,0.07175938040018082
0.861798,0.326467,-0.20728272199630737,-0.34895074367523193
0.9975,0.3094795,-0.0014152303338050842,0.004929078742861748
0.9042175,0.0025,0.012285113334655762,0.005009268410503864
0.8500415,0.49058,-0.12853911519050598,-0.4141715168952942
0.086295,0.883917,-0.016022779047489166,0.11149535328149796
0.245324,0.0248685,-0.012955613434314728,0.002524727024137974
0.620687,0.837816,0.29266977310180664,-0.03060726821422577
0.013076,0.138202,0.00026147812604904175,-0.0016732662916183472
0.784224,0.9549315,0.47775155305862427,-0.015670452266931534
0.50942,0.894291,0.3648918867111206,0.03580271452665329
0.3974565,0.913705,0.33082935214042664,0.07710616290569305
0.9811865,0.0957825,0.0013321638107299805,0.009060852229595184
0.82512,0.0450685,0.018597610294818878,0.0030294032767415047
0.3974565,0.837816,0.2876725494861603,0.11976534128189087
0.086295,0.673533,0.047137729823589325,0.28766191005706787
0.861798,0.0188135,0.019806914031505585,0.00453466922044754
0.861798,0.9549315,0.4206470847129822,-0.04355379566550255
0.2766015,0.79832,0.20094315707683563,0.2384118139743805
0.4158095,0.6385875,0.07478947192430496,0.1226666197180748
0.29285,0.031254,-0.03187473863363266,0.0027381479740142822
0.0603625,0.70715,0.03226986527442932,0.1914568394422531
0.126912,0.9227635,-0.034791164100170135,0.11594519764184952
0.656213,0.7392465,0.15197058022022247,-0.08153148740530014
0.620687,0.2303275,-0.3561055660247803,-0.1333451271057129
0.037983,0.565664,0.007546260952949524,0.20779144763946533
0.620687,0.3974565,-0.1776532232761383,-0.11472855508327484
0.031254,0.837816,-0.0034734830260276794,0.04265192151069641
0.2303275,0.086295,-0.07447773963212967,0.03178407996892929
0.326467,0.9396375,0.267242968082428,0.07582315802574158
0.1499585,0.0188135,0.0024153664708137512,-0.004177119582891464
0.5282405,0.8500415,0.3274206221103668,0.023270681500434875
0.5841905,0.2303275,-0.35448211431503296,-0.09082779288291931
0.784224,0.70715,0.05874047428369522,-0.22485126554965973
0.215776,0.9923575,0.7415738105773926,0.0014058183878660202
0.8500415,0.1499585,-0.02880489081144333,-0.028333798050880432
0.5470015,0.6905205,0.12037262320518494,0.00035399943590164185
0.162184,0.7392465,0.11522140353918076,0.3286375403404236
0.2766015,0.215776,-0.27262869477272034,0.1928185224533081
0.873088,0.0603625,0.015144690871238708,0.007114545442163944
0.013076,0.3094795,-0.003595195710659027,0.044388070702552795
0.0450685,0.861798,-0.007117472589015961,0.06203252077102661
0.379313,0.9811865,0.6254081130027771,0.01280267909169197
0.2607535,0.9975,0.937116265296936,0.006421987898647785
0.17488,0.052524,-0.011801891028881073,0.007180201821029186
0.894291,0.2766015,-0.09430941194295883,-0.14279213547706604
0.9811865,0.20168,-0.00027901679277420044,0.012844914570450783
0.0076425,0.82512,-0.003042571246623993,0.007908531464636326
0.7696725,0.6385875,0.007161550223827362,-0.24592222273349762
0.9975,0.5470015,-0.005758292973041534,-0.02224341407418251
0.116083,0.986924,0.42785364389419556,0.017908845096826553
0.0076425,0.947476,-0.009684287011623383,0.06133589521050453
0.50942,0.1880465,-0.378451406955719,-0.009875742718577385
0.784224,0.105709,-0.039361439645290375,-0.03785492479801178
0.1880465,0.4717595,-0.06491904705762863,0.35404956340789795
0.913705,0.031254,0.010794155299663544,0.008396931923925877
0.8119535,0.6025435,-0.03377818316221237,-0.3028498888015747
0.0450685,0.031254,0.0020958632230758667,-0.003507941961288452
0.105709,0.0957825,-0.00988488644361496,0.004974772222340107
0.379313,0.4529985,-0.10631615668535233,0.1562182903289795
0.3974565,0.9975,0.9314318895339966,-0.0017633810639381409
0.3974565,0.7392465,0.1850689947605133,0.1455812007188797
0.82512,0.0025,0.02492450177669525,0.002699383534491062
0.9923575,0.894291,-0.011236600577831268,-0.3402827978134155
0.068596,0.0957825,-0.002881057560443878,-8.614733815193176e-06
0.086295,0.0772365,-0.0021438226103782654,-0.0014511868357658386
0.2607535,0.968746,0.2751298248767853,0.035043299198150635
0.17488,0.343787,-0.1481894552707672,0.301752507686615
0.7233985,0.6385875,0.02595282346010208,-0.19651606678962708
0.086295,0.5282405,0.0020859017968177795,0.3268682360649109
0.29285,0.6905205,0.12394062429666519,0.25906693935394287
0.5282405,0.7696725,0.2211592048406601,0.01881846971809864
0.434336,0.9396375,0.3862302899360657,0.042940132319927216
0.9227635,0.8500415,0.0177290216088295,-0.3652966618537903
0.50942,0.162184,-0.3779483437538147,-0.011724069714546204
0.9975,0.0248685,0.0002681240439414978,-0.0017612241208553314
0.9042175,0.673533,-0.043326012790203094,-0.4799502491950989
0.17488,0.031254,-0.0027235224843025208,0.001227131113409996
0.70715,0.6025435,-0.004076622426509857,-0.18994510173797607
0.0188135,0.913705,-0.01373126357793808,0.04071574658155441
0.8500415,0.126912,-0.010862059891223907,-0.011523321270942688
0.5470015,0.052524,-0.15013906359672546,-0.015064675360918045
0.8119535,0.162184,-0.08743631094694138,-0.08744832873344421
0.9042175,0.913705,0.15175577998161316,-0.17589698731899261
0.326467,0.6905205,0.12794536352157593,0.22287023067474365
0.79832,0.068596,0.0036061182618141174,-0.006202239543199539
0.086295,0.894291,-0.027742929756641388,0.10653124004602432
0.138202,0.326467,-0.12105327099561691,0.2601306438446045
0.5470015,0.068596,-0.20017540454864502,-0.020785637199878693
0.0772365,0.245324,-0.05039375275373459,0.0902770608663559
0.6905205,0.29285,-0.29936331510543823,-0.21485699713230133
0.8500415,0.968746,0.5460154414176941,-0.022028498351573944
0.7233985,0.17488,-0.2843535542488098,-0.19404812157154083
0.031254,0.1880465,-0.005394198000431061,0.01255102176219225
0.105709,0.9227635,-0.054728396236896515,0.10762528330087662
0.3094795,0.894291,0.24630342423915863,0.1370028257369995
0.8119535,0.434336,-0.16629192233085632,-0.35664916038513184
0.013076,0.031254,0.0010555237531661987,-0.0028331950306892395
0.894291,0.82512,0.04082053154706955,-0.28606265783309937
0.068596,0.116083,-0.006911955773830414,0.004320305772125721
0.82512,0.052524,0.016687601804733276,0.0024986891075968742
0.105709,0.326467,-0.08933844417333603,0.2148999273777008
0.673533,0.861798,0.2974432408809662,-0.041907958686351776
0.5470015,0.8500415,0.3263806998729706,0.012471519410610199
0.883917,0.326467,-0.16097214818000793,-0.29337775707244873
0.947476,0.873088,-0.00167054682970047,-0.5148472785949707
0.4158095,0.9811865,0.6549131870269775,0.010816721245646477
0.29285,0.986924,0.6555301547050476,0.00927425455302
0.1499585,0.8119535,0.09819242358207703,0.26048439741134644
0.9811865,0.82512,-0.025094397366046906,-0.5299711227416992
0.861798,0.037983,0.0186496302485466,0.005681887269020081
0.861798,0.837816,0.0960843414068222,-0.2036876231431961
0.673533,0.5470015,-0.0492573007941246,-0.16197103261947632
